species,mode,real_numerator,imaginary_numerator,denominator
1,0,0,0,70368744177664
1,1,43193933282984,0,70368744177664
1,2,17538148134900,-2316298345952,70368744177664
1,3,6673401853122,-2084996915788,70368744177664
1,4,2710197561409,-1352510880328,70368744177664
1,5,1140544922674,-828507609491,70368744177664
1,6,478082494993,-489961998376,70368744177664
1,7,194725505486,-283199945977,70368744177664
1,8,73586189149,-161033381490,70368744177664
1,9,23201441737,-90107931002,70368744177664
1,10,3585659256,-49578740230,70368744177664
1,11,-2978949643,-26755701704,70368744177664
1,12,-4326777008,-14104716840,70368744177664
1,13,-3833410611,-7215648743,70368744177664
1,14,-2885836495,-3540476408,70368744177664
1,15,-1993020169,-1629503520,70368744177664
1,16,-1297370402,-670350816,70368744177664
1,17,-803643658,-214642757,70368744177664
1,18,-474360006,-17877825,70368744177664
1,19,-265909816,51786525,70368744177664
1,20,-140490668,64062913,70368744177664
1,21,-68983840,54353955,70368744177664
1,22,-30602664,39323596,70368744177664
1,23,-11438999,25773058,70368744177664
1,24,-2748510,15678786,70368744177664
1,25,632239,8944593,70368744177664
1,26,1558322,4796023,70368744177664
1,27,1497357,2404516,70368744177664
1,28,1139278,1109081,70368744177664
1,29,769302,451877,70368744177664
1,30,479608,143736,70368744177664
1,31,280693,14645,70368744177664
1,32,155155,-29227,70368744177664
1,33,80894,-36509,70368744177664
1,34,39404,-30667,70368744177664
1,35,17509,-21998,70368744177664
1,36,6678,-14369,70368744177664
1,37,1756,-8762,70368744177664
1,38,-201,-5040,70368744177664
1,39,-781,-2739,70368744177664
1,40,-794,-1400,70368744177664
1,41,-623,-663,70368744177664
1,42,-431,-280,70368744177664
1,43,-274,-96,70368744177664
1,44,-164,-16,70368744177664
1,45,-92,13,70368744177664
1,46,-49,20,70368744177664
1,47,-24,17,70368744177664
1,48,-11,12,70368744177664
2,0,0,0,70368744177664
2,1,1538701832950,-37033426953120,70368744177664
2,2,-5276910272956,-5374263568008,70368744177664
2,3,-1057328849945,-3490491933680,70368744177664
2,4,-1430799443501,-1763606510050,70368744177664
2,5,-865319785607,-692426809012,70368744177664
2,6,-537432769876,-319066910129,70368744177664
2,7,-340095444343,-115183445522,70368744177664
2,8,-200879453178,-25325044787,70368744177664
2,9,-116064102507,7884288353,70368744177664
2,10,-64910342888,18160891685,70368744177664
2,11,-34647357311,17998537883,70368744177664
2,12,-17609420384,14442950111,70368744177664
2,13,-8295742328,10437346801,70368744177664
2,14,-3451636437,7037070549,70368744177664
2,15,-1076855678,4499713353,70368744177664
2,16,-19405480,2737087151,70368744177664
2,17,365693482,1577822493,70368744177664
2,18,432565280,853331493,70368744177664
2,19,369708001,424973100,70368744177664
2,20,271834908,187614599,70368744177664
2,21,181083819,66284344,70368744177664
2,22,111588677,10796381,70368744177664
2,23,64121051,-10232239,70368744177664
2,24,34342871,-15027920,70368744177664
2,25,16975409,-13333275,70368744177664
2,26,7535064,-9853564,70368744177664
2,27,2784772,-6550564,70368744177664
2,28,619244,-4033143,70368744177664
2,29,-224383,-2326971,70368744177664
2,30,-451124,-1260730,70368744177664
2,31,-426919,-637126,70368744177664
2,32,-326123,-294377,70368744177664
2,33,-222291,-118129,70368744177664
2,34,-140044,-34686,70368744177664
2,35,-82711,241,70368744177664
2,36,-45967,11678,70368744177664
2,37,-23935,12920,70368744177664
2,38,-11503,10536,70368744177664
2,39,-4920,7471,70368744177664
2,40,-1686,4844,70368744177664
2,41,-256,2929,70368744177664
2,42,270,1663,70368744177664
2,43,384,886,70368744177664
2,44,338,437,70368744177664
2,45,249,195,70368744177664
2,46,166,73,70368744177664
2,47,102,17,70368744177664
2,48,59,-5,70368744177664
3,0,0,0,70368744177664
3,1,-798704218213,26304898728494,70368744177664
3,2,4017747744956,4910248035712,70368744177664
3,3,1105927392548,2534910348958,70368744177664
3,4,1103519524374,1248649553229,70368744177664
3,5,685092069307,491127164866,70368744177664
3,6,418860900038,204234831850,70368744177664
3,7,256110912905,64196728045,70368744177664
3,8,148730591427,5139161909,70368744177664
3,9,83220406264,-14597101440,70368744177664
3,10,44852162263,-18179481198,70368744177664
3,11,22868962286,-15771256688,70368744177664
3,12,10874697875,-11682397617,70368744177664
3,13,4626685197,-7961269288,70368744177664
3,14,1578896448,-5071264457,70368744177664
3,15,228358727,-3056588483,70368744177664
3,16,-273821239,-1747591140,70368744177664
3,17,-385453039,-945474400,70368744177664
3,18,-342267872,-479534076,70368744177664
3,19,-256009988,-223249661,70368744177664
3,20,-173355883,-90758807,70368744177664
3,21,-109256496,-27471559,70368744177664
3,22,-64840817,-610394,70368744177664
3,23,-36353437,8442227,70368744177664
3,24,-19187651,9655103,70368744177664
3,25,-9419252,8006170,70368744177664
3,26,-4178452,5757186,70368744177664
3,27,-1552584,3786841,70368744177664
3,28,-351983,2327718,70368744177664
3,29,120723,1348428,70368744177664
3,30,251535,736603,70368744177664
3,31,241170,376854,70368744177664
3,32,186227,177296,70368744177664
3,33,128234,73369,70368744177664
3,34,81609,23298,70368744177664
3,35,48712,1756,70368744177664
3,36,27394,-5737,70368744177664
3,37,14473,-6979,70368744177664
3,38,7097,-5888,70368744177664
3,39,3137,-4261,70368744177664
3,40,1156,-2806,70368744177664
3,41,254,-1722,70368744177664
3,42,-97,-993,70368744177664
3,43,-192,-539,70368744177664
3,44,-182,-273,70368744177664
3,45,-139,-126,70368744177664
3,46,-95,-51,70368744177664
3,47,-60,-15,70368744177664
3,48,-36,1,70368744177664
4,0,0,0,70368744177664
4,1,21972246585660,-652335902290,70368744177664
4,2,8948379714042,-2428825242780,70368744177664
4,3,3085152372183,-1787942176304,70368744177664
4,4,1119285236447,-1036124981809,70368744177664
4,5,388299066014,-592441025326,70368744177664
4,6,108920636025,-319982477101,70368744177664
4,7,13722816181,-165972193637,70368744177664
4,8,-14331089062,-83273255793,70368744177664
4,9,-18152102593,-39468854731,70368744177664
4,10,-14445572938,-17429231485,70368744177664
4,11,-9807667728,-6844623530,70368744177664
4,12,-5998745963,-2086021055,70368744177664
4,13,-3396963744,-177356813,70368744177664
4,14,-1774547756,430875043,70368744177664
4,15,-842221483,501296865,70368744177664
4,16,-349059917,392037812,70368744177664
4,17,-113081233,256144489,70368744177664
4,18,-14954756,147712800,70368744177664
4,19,16747251,76357643,70368744177664
4,20,20808540,35188631,70368744177664
4,21,16008142,13988679,70368744177664
4,22,10137866,4290006,70368744177664
4,23,5661228,479151,70368744177664
4,24,2847988,-662607,70368744177664
4,25,1288525,-769802,70368744177664
4,26,509673,-575259,70368744177664
4,27,159951,-358626,70368744177664
4,28,22887,-198973,70368744177664
4,29,-19424,-100179,70368744177664
4,30,-24929,-45606,70368744177664
4,31,-19246,-18197,70368744177664
4,32,-12243,-5732,70368744177664
4,33,-6876,-762,70368744177664
4,34,-3463,801,70368744177664
4,35,-1541,1001,70368744177664
4,36,-567,772,70368744177664
4,37,-130,488,70368744177664
4,38,33,268,70368744177664
4,39,72,128,70368744177664
4,40,64,50,70368744177664
4,41,44,12,70368744177664
4,42,26,-3,70368744177664
4,43,13,-7,70368744177664
4,44,6,-7,70368744177664
4,45,2,-5,70368744177664
4,46,0,-3,70368744177664
4,47,-1,-2,70368744177664
4,48,0,-1,70368744177664
